[
  {
    "user": "bot",
    "text": "【自動メッセージ】この部屋は雑談部屋(1)です！下ネタは禁止です。下ネタOKの部屋は「雑談部屋2」です。",
    "room": "雑談部屋",
    "timestamp": "2025-05-22T18:50:00Z"
  },
  {
    "user": "bot",
    "text": "【自動メッセージ】この部屋は雑談部屋2です！下ネタOKです！禁止の部屋は「雑談部屋」です。",
    "room": "雑談部屋2",
    "timestamp": "2025-05-22T19:00:00Z"
  }
]
